1,207.039305,7.62E-05,107,3.94E-05,11,11,12,12,11,11,14,Kupwara,1,101,1,Jammu & Kashmir,,7.62E-05,3.71E-05,0.019468143
11,2.305193901,1.60E-06,2,1.39E-06,11,13,14,14,11,13,14,Ganderbal,11,1101,1,Jammu & Kashmir,,1.60E-06,0.000212825,0.043534154
12,4101.156772,0.004981728,1787.254902,0.002171002,11,13,14,14,11,13,14,Pulwama,12,1201,1,Jammu & Kashmir,,0.004981728,0.000264246,0.014512099
124,39267.05046,0.00850564,8288.247059,0.001795318,11,12,13,11,11,12,13,Dungarpur,26,2608,8,Rajasthan,,0.00850564,0.000274981,0.034349139
13,1245.134561,0.001706982,427.7176471,0.000586367,11,13,15,14,11,13,14,Shupiyan,13,1301,1,Jammu & Kashmir,,0.001706982,0.000286529,0.039048603
14,29.51664877,7.00E-06,18,4.27E-06,11,13,15,12,11,13,14,Anantnag,14,1401,1,Jammu & Kashmir,,7.00E-06,0.000443343,0.011376574
15,45.80284345,2.58E-05,35,1.97E-05,11,13,14,12,11,13,14,Kulgam,15,1501,1,Jammu & Kashmir,,2.58E-05,0.000546727,0.078032656
158,63030.39145,0.010973503,11589.4549,0.002017708,11,12,12,11,11,12,12,Rae Bareli,27,2709,9,Uttar Pradesh,,0.010973503,0.000588415,0.035833783
16,29947.02876,0.010827856,10965.70196,0.003964835,11,13,13,11,11,13,14,Doda,16,1601,1,Jammu & Kashmir,,0.010827856,0.000719325,0.016845421
17,14308.9668,0.009650352,5465.192157,0.003685872,11,13,14,11,11,13,14,Ramban,17,1701,1,Jammu & Kashmir,,0.009650352,0.000729385,0.013856477
173,60326.06651,0.013102247,14838.58824,0.0032228,11,12,14,11,11,12,12,Pratapgarh,42,4209,9,Uttar Pradesh,,0.013102247,0.000786983,0.001061765
175,684897.9396,0.106366744,37578.1098,0.005835995,11,12,14,11,12,12,12,Allahabad,44,4409,9,Uttar Pradesh,,0.106366744,0.001201005,0.001045632
177,31682.27467,0.009276756,3753,0.0010989,11,12,12,11,11,12,12,Faizabad,46,4609,9,Uttar Pradesh,,0.009276756,0.001314903,0.006998827
178,3844.077407,0.001332749,1048.701961,0.000363587,11,12,12,11,12,12,12,Ambedkar Nagar,47,4709,9,Uttar Pradesh,,0.001332749,0.001324498,0.000433234
179,58378.78665,0.010624338,10530.20392,0.001916389,11,12,12,11,11,12,12,Sultanpur,48,4809,9,Uttar Pradesh,,0.010624338,0.001452419,0
18,37373.81113,0.00324632,8388,0.000728589,11,13,13,11,11,13,13,Kishtwar,18,1801,1,Jammu & Kashmir,,0.00324632,0.001539502,0
184,2274.746469,0.000640048,930,0.000261675,11,12,12,11,12,12,12,Siddharth Nagar,53,5309,9,Uttar Pradesh,,0.000640048,0.001745177,0.000142068
185,7083.235769,0.001965503,1749.870588,0.000485566,11,12,12,11,11,12,12,Basti,54,5409,9,Uttar Pradesh,,0.001965503,0.002038336,0.009851559
186,14659.4482,0.007336343,3874,0.001938749,11,12,12,11,12,12,12,Sant Kabir Nagar,55,5509,9,Uttar Pradesh,,0.007336343,0.002129007,0.00211395
187,33708.10703,0.00927215,14342.46667,0.003945208,11,13,12,11,11,13,12,Maharajganj,56,5609,9,Uttar Pradesh,,0.00927215,0.002191675,0.001093813
188,237462.0822,0.056582637,31480.56078,0.007501211,11,12,12,11,11,12,12,Gorakhpur,57,5709,9,Uttar Pradesh,,0.056582637,0.00225447,0
189,27820.14596,0.007710306,9156.921569,0.002537825,11,12,12,11,12,12,12,Kushinagar,58,5809,9,Uttar Pradesh,,0.007710306,0.002278812,0.002500295
190,45903.38607,0.014426568,9698.196078,0.00304796,11,12,12,11,11,12,12,Deoria,59,5909,9,Uttar Pradesh,,0.014426568,0.00230974,0.002833525
191,63925.54617,0.012053576,17860.39216,0.003367693,11,12,12,11,12,12,12,Azamgarh,60,6009,9,Uttar Pradesh,,0.012053576,0.002315663,0.000628723
192,72385.99268,0.034408518,8342.32549,0.003965506,11,12,12,11,12,12,12,Mau,61,6109,9,Uttar Pradesh,,0.034408518,0.00282925,0.000678117
193,30520.33463,0.00819213,10121.69412,0.002716819,11,12,11,11,12,12,12,Ballia,62,6209,9,Uttar Pradesh,,0.00819213,0.002900027,0.000108674
194,20374.15496,0.004079129,4192.443137,0.000839373,11,12,14,11,12,12,12,Jaunpur,63,6309,9,Uttar Pradesh,,0.004079129,0.003135459,0.000376475
195,50571.72151,0.012083596,10694.2,0.00255527,11,12,12,11,12,12,12,Ghazipur,64,6409,9,Uttar Pradesh,,0.012083596,0.003317842,0.001436083
196,36754.74216,0.011774759,7135.564706,0.002285951,11,12,12,11,12,12,12,Chandauli,65,6509,9,Uttar Pradesh,,0.011774759,0.003413539,0.002842375
197,114210.5119,0.059678477,9287.635294,0.004853073,11,12,14,11,12,12,12,Varanasi,66,6609,9,Uttar Pradesh,,0.059678477,0.003458349,0.00288864
198,192.3823439,0.000154549,65,5.22E-05,11,12,14,11,12,12,12,Sant Ravi Das Nagar(bhadohi),67,6709,9,Uttar Pradesh,,0.000154549,0.003543365,2.32E-05
199,44635.20342,0.008034532,17144.80392,0.00308614,11,12,13,11,12,12,12,Mirzapur,68,6809,9,Uttar Pradesh,,0.008034532,0.003605741,0.000347641
2,64591.13726,0.037465345,8832.243137,0.005123041,11,13,14,12,12,13,14,Badgam,2,201,1,Jammu & Kashmir,,0.037465345,0.003642446,1.41E-05
200,307478.5757,0.036998522,29532.01176,0.003553551,11,12,13,11,12,12,12,Sonbhadra,69,6909,9,Uttar Pradesh,,0.036998522,0.003747611,0.00046139
203,8264.195323,0.001256926,3747,0.000569892,11,12,13,11,12,12,12,Pashchim Champaran,1,110,10,Bihar,,0.001256926,0.003854772,6.60E-06
21,85714.31114,0.032221021,24223.65098,0.009105956,11,12,15,11,13,12,14,Jammu,21,2101,1,Jammu & Kashmir,,0.032221021,0.003947222,0.001148184
214,65368.06765,0.031272305,20707.23137,0.009906409,11,12,13,11,12,12,12,Saharsa,12,1210,10,Bihar,,0.031272305,0.004022258,0.000796555
215,69436.76181,0.024443127,18527.4,0.006522015,11,12,12,11,12,12,12,Darbhanga,13,1310,10,Bihar,,0.024443127,0.004355106,0.000152449
216,99077.94213,0.025049386,29159.42353,0.007372233,11,12,12,11,12,12,12,Muzaffarpur,14,1410,10,Bihar,,0.025049386,0.004557156,0.000482146
217,24585.98677,0.009678847,12862.60784,0.005063665,11,12,12,11,12,12,12,Gopalganj,15,1510,10,Bihar,,0.009678847,0.004649012,0.000285353
218,14695.14312,0.005318441,7757.286275,0.002807504,11,12,12,11,12,12,12,Siwan,16,1610,10,Bihar,,0.005318441,0.004770504,0.000162487
219,121411.7125,0.037053026,55318.4549,0.016882359,11,12,12,11,12,12,12,Saran (chhapra),17,1710,10,Bihar,,0.037053026,0.004879852,0.003447489
22,643.2873135,0.000495335,258.0941176,0.000198734,11,12,15,11,13,12,14,Samba,22,2201,1,Jammu & Kashmir,,0.000495335,0.005063086,0.000371518
222,120900.6201,0.050510238,19878.42745,0.008304871,11,12,12,11,12,12,12,Begusarai,20,2010,10,Bihar,,0.050510238,0.005301528,0.011485473
223,40672.83666,0.022092443,17463.33333,0.009485635,11,12,12,11,12,12,12,Khagaria,21,2110,10,Bihar,,0.022092443,0.0053776,0.010598258
224,46800.39531,0.014919046,10360.53333,0.003302734,11,12,12,11,12,12,12,Bhagalpur,22,2210,10,Bihar,,0.014919046,0.005499467,0.004408113
225,7289.750835,0.001912275,3291.380392,0.000863407,11,12,13,11,12,12,12,Banka,23,2310,10,Bihar,,0.001912275,0.00568302,0.000238901
226,34075.70937,0.019313009,7735.882353,0.004384448,11,12,12,11,12,12,12,Munger,24,2410,10,Bihar,,0.019313009,0.005909785,0.001259449
227,12949.56801,0.008299183,4226.239216,0.002708533,11,12,12,11,12,12,12,Lakhisarai,25,2510,10,Bihar,,0.008299183,0.006005516,0.004425803
23,24677.4973,0.002879353,9185.431373,0.00107175,11,13,15,12,11,13,14,Chamba,1,102,2,Himachal Pradesh,,0.002879353,0.006195821,0.002546698
231,69620.3278,0.023762585,19678.33333,0.006716545,11,12,12,11,12,12,12,Bhojpur,29,2910,10,Bihar,,0.023762585,0.006392837,0.077511076
232,9876.283593,0.004678519,4011.184314,0.001900148,11,12,12,11,12,12,12,Buxar,30,3010,10,Bihar,,0.004678519,0.006559801,0.016222655
233,20802.83025,0.005049215,6162.529412,0.001495755,11,12,13,11,12,12,12,Kaimur (bhabua),31,3110,10,Bihar,,0.005049215,0.006774046,0.016912425
234,48210.53271,0.010138202,18906.31373,0.003975812,11,12,12,11,12,12,12,Rohtas,32,3210,10,Bihar,,0.010138202,0.006822241,0.01463959
235,61198.52636,0.01519267,12786.47059,0.00317427,11,12,12,11,12,12,12,Aurangabad,33,3310,10,Bihar,,0.01519267,0.006954903,0.008860252
236,354553.7583,0.058165412,62389.60784,0.010235168,11,12,13,11,12,12,12,Gaya,34,3410,10,Bihar,,0.058165412,0.007077702,0.015487489
24,19207.79016,0.002553392,7904.435294,0.001050778,11,13,15,14,13,13,14,Kangra,2,202,2,Himachal Pradesh,,0.002553392,0.00709195,0.003054698
255,12600.22854,0.004037221,5923.627451,0.001897981,11,11,13,12,11,11,11,Lower Subansiri,11,1112,12,Arunanchal Pradesh,,0.004037221,0.007163613,2.53E-05
256,1811.020679,0.000211288,1310,0.000152835,11,11,11,11,11,11,11,Kurung Kumey,12,1212,12,Arunanchal Pradesh,,0.000211288,0.007219192,0.009036172
27,24275.03507,0.004688788,8631.305882,0.00166716,11,13,15,14,11,13,14,Mandi,5,502,2,Himachal Pradesh,,0.004688788,0.007326591,7.94E-05
28,1639.218215,0.001114226,712.7333333,0.000484466,11,13,15,14,11,13,14,Hamirpur,6,602,2,Himachal Pradesh,,0.001114226,0.007361603,0.003151973
29,14637.09443,0.007262674,4375.290196,0.002170944,11,13,15,14,11,13,14,Una,7,702,2,Himachal Pradesh,,0.007262674,0.007547968,0.050953936
30,13225.35753,0.008673388,2347.262745,0.00153937,11,13,15,14,11,13,14,Bilaspur,8,802,2,Himachal Pradesh,,0.008673388,0.007570146,0.027423674
311,70004.29104,0.02122079,21667.39608,0.006568158,11,12,13,13,11,12,13,Sivasagar,12,1218,18,Assam,,0.02122079,0.007775624,0.030114796
340,132325.9595,0.017443261,21741.61569,0.002865988,11,12,13,11,11,12,12,Puruliya,14,1419,19,West Bengal,,0.017443261,0.008038723,0.026138251
343,1691150.405,0.259896023,288289.7333,0.044304371,11,12,12,13,12,12,13,South 24 Parganas,17,1719,19,West Bengal,,0.259896023,0.008079526,0.024525733
345,276359.8682,0.056729901,40541.7098,0.008322218,11,12,11,13,12,12,13,Purba Medinipur,19,1919,19,West Bengal,,0.056729901,0.008229731,0.035267735
346,4067.451715,0.000810911,1076,0.000214518,11,12,13,11,11,12,12,Garhwa,1,120,20,Jharkhand,,0.000810911,0.008504553,0.010638745
347,1374.146923,0.000299326,476.9960784,0.000103902,11,11,13,11,11,11,12,Chatra,2,220,20,Jharkhand,,0.000299326,0.008531575,0.41516057
348,60562.37968,0.019646881,16521.57255,0.00535972,11,11,13,11,11,11,13,Kodarma,3,320,20,Jharkhand,,0.019646881,0.008584178,0.01638853
349,55246.82893,0.009014285,12352.00392,0.002015401,11,11,13,11,12,11,12,Giridih,4,420,20,Jharkhand,,0.009014285,0.009110325,0.021360618
350,102401.5348,0.034318438,17495.92941,0.005863515,11,11,13,11,12,11,13,Deoghar,5,520,20,Jharkhand,,0.034318438,0.009362183,0.005997146
351,52029.73037,0.018903402,10952.37255,0.003979208,11,12,11,11,12,12,12,Godda,6,620,20,Jharkhand,,0.018903402,0.009523294,0.000843848
354,168729.6175,0.064940844,17707.42353,0.006815253,11,11,13,11,12,11,14,Dhanbad,9,920,20,Jharkhand,,0.064940844,0.009566994,0.000360698
355,186246.2757,0.054650047,27224.34118,0.00798841,11,11,14,11,12,11,13,Bokaro,10,1020,20,Jharkhand,,0.054650047,0.009587535,0.013537308
356,22782.37232,0.01250586,7340.380392,0.004029333,11,11,13,11,11,11,12,Lohardaga,11,1120,20,Jharkhand,,0.01250586,0.009595126,0.010200465
357,817343.9711,0.18939942,46615.51765,0.010802003,11,12,13,11,11,12,14,Purbi Singhbhum,12,1220,20,Jharkhand,,0.18939942,0.009607444,0.010833116
358,25058.48883,0.004635955,4094.407843,0.000757487,11,12,13,11,11,12,12,Palamu,13,1320,20,Jharkhand,,0.004635955,0.010050961,0.004111873
359,5853.860271,0.001127937,2445.866667,0.000471276,11,11,13,11,11,11,12,Latehar,14,1420,20,Jharkhand,,0.001127937,0.010054009,0.017534505
360,40788.89292,0.009270327,13054.83922,0.002967049,11,11,13,11,11,11,13,Hazaribagh,15,1520,20,Jharkhand,,0.009270327,0.01041841,0.014926853
362,74841.58027,0.01622313,13527.55686,0.002932318,11,12,13,11,11,12,12,Dumka,17,1720,20,Jharkhand,,0.01622313,0.010547406,0.001289415
363,1657.273027,0.000753315,933.2392157,0.000424205,11,12,13,11,12,12,12,Jamtara,18,1820,20,Jharkhand,,0.000753315,0.010897903,0.00807339
364,999832.9501,0.166714183,71941.15686,0.011995615,11,11,13,11,11,11,13,Ranchi,19,1920,20,Jharkhand,,0.166714183,0.011691873,0.146507355
368,118596.14,0.013612042,20064.57647,0.002302941,11,12,13,11,11,12,13,Pashchimi Singhbhum,23,2320,20,Jharkhand,,0.013612042,0.011717285,0.010755935
369,187834.9731,0.058575564,23634.82745,0.007370424,11,12,13,11,11,12,13,Saraikela-kharsawan,24,2420,20,Jharkhand,,0.058575564,0.01215711,0.022059824
373,1676.97126,0.000497504,882.3686275,0.000261771,11,12,11,11,11,12,12,Debagarh,4,421,21,Odisha,,0.000497504,0.012385458,0.030989624
374,118743.9706,0.010141775,19481.85882,0.001663921,11,12,13,11,11,12,12,Sundargarh,5,521,21,Odisha,,0.010141775,0.012745808,0.029912469
376,130304.3343,0.010388239,36779.88627,0.002932199,11,11,11,11,11,11,12,Mayurbhanj,7,721,21,Odisha,,0.010388239,0.012771198,0.008528269
383,104485.2218,0.019564428,27279.62745,0.005107998,11,11,11,11,11,11,12,Dhenkanal,14,1421,21,Odisha,,0.019564428,0.013171834,0.032998684
384,185972.2477,0.024456283,28024.01569,0.003685299,11,11,11,11,11,11,12,Anugul,15,1521,21,Odisha,,0.024456283,0.013176014,0.021384093
390,1250.846896,0.000130708,427,4.46E-05,11,11,13,11,11,11,12,Kandhamal,21,2121,21,Odisha,,0.000130708,0.013250917,0.023300177
395,39344.60251,0.004194529,7263.917647,0.000774406,11,12,13,11,11,12,12,Kalahandi,26,2621,21,Odisha,,0.004194529,0.013319599,0.033961475
396,122847.5211,0.014090294,19393,0.002224327,11,12,13,11,11,12,12,Rayagada,27,2721,21,Odisha,,0.014090294,0.013442128,0.087158793
4,10059.32124,0.000502953,3113,0.000155646,11,13,13,14,11,13,14,Kargil,4,401,1,Jammu & Kashmir,,0.000502953,0.013673583,0.011966305
400,45815.17511,0.00567136,7543.67451,0.000933815,11,11,13,11,11,11,13,Koriya,1,122,22,Chhattisgarh,,0.00567136,0.014114746,0.003673961
431,68008.04628,0.01217186,8758.027451,0.001567483,11,11,13,11,11,11,13,Umaria,14,1423,23,Madhya Pradesh,,0.01217186,0.014216848,0.023016332
450,41120.13973,0.006660983,9996.454902,0.001619309,11,12,13,11,11,12,13,Katni,33,3323,23,Madhya Pradesh,,0.006660983,0.014455476,0.023213317
460,74564.56464,0.010764776,11536.06275,0.001665444,11,11,15,11,11,11,12,Shahdol,43,4323,23,Madhya Pradesh,,0.010764776,0.014654853,0.049672465
5,33847.67729,0.010543369,21856.06667,0.006808047,11,13,13,11,11,13,14,Punch,5,501,1,Jammu & Kashmir,,0.010543369,0.014757807,0.026658653
57,28958.82543,0.0028561,8935.07451,0.000881233,11,13,15,12,11,13,14,Chamoli,2,205,5,Uttarakhand,,0.0028561,0.015243293,0.044839197
59,103764.1173,0.020736946,33768.77647,0.006748588,11,13,15,12,11,13,14,Tehri Garhwal,4,405,5,Uttarakhand,,0.020736946,0.015557241,0.022772531
6,87932.13008,0.03418928,40304.1098,0.015670819,11,11,13,11,11,11,14,Rajouri,6,601,1,Jammu & Kashmir,,0.03418928,0.015600007,0.038941728
61,37493.16217,0.005339135,8378.490196,0.001193121,11,13,15,12,11,13,14,Garhwal,6,605,5,Uttarakhand,,0.005339135,0.015615928,0.111173983
65,117.4487312,5.57E-05,80,3.79E-05,11,13,12,12,11,13,14,Champawat,10,1005,5,Uttarakhand,,5.57E-05,0.015648703,0.087075219
8,21712.70648,0.009095245,6659.407843,0.002789562,11,13,14,14,11,13,14,Baramula,8,801,1,Jammu & Kashmir,,0.009095245,0.015656837,0.164270345
87,85031.10933,0.0458937,22901.37647,0.012360522,11,13,12,11,12,13,13,Mewat,19,1906,6,Haryana,,0.0458937,0.015873084,0.032082697
89,429628.763,0.256888739,64965.19216,0.03884476,11,13,14,12,12,13,14,Palwal,21,2106,6,Haryana,,0.256888739,0.016253306,0.032006388
9,505.1693538,0.000162651,233,7.50E-05,11,13,12,12,11,13,14,Bandipore,9,901,1,Jammu & Kashmir,,0.000162651,0.01631077,0.045655082
,,,,,,,,,,,,,,,,,,,0.016850751,0.010978495
102,405351.329,0.023019735,124378.7686,0.007063419,12,13,14,12,11,13,13,Churu,4,408,8,Rajasthan,,,0.017711115,0.052599296
103,167877.095,0.022419772,63769.25098,0.008516302,12,13,15,14,13,13,14,Jhunjhunun,5,508,8,Rajasthan,,,0.01795116,0.015883502
104,543117.8767,0.051948925,86523.98431,0.008275971,12,12,14,11,12,12,14,Alwar,6,608,8,Rajasthan,,,0.018586743,0.001625083
105,785782.1485,0.123877355,156758.5882,0.024712752,12,12,14,11,12,12,13,Bharatpur,7,708,8,Rajasthan,,,0.018615552,0.02733781
106,58968.44537,0.015600007,19265.52941,0.005096665,12,12,12,11,12,12,13,Dhaulpur,8,808,8,Rajasthan,,,0.018910183,0.029866747
107,153008.2498,0.02484422,48561.61961,0.007885036,12,12,13,11,12,12,13,Karauli,9,908,8,Rajasthan,,,0.019426826,0.018542594
108,77587.02725,0.012385458,23981.58824,0.003828255,12,12,14,11,12,12,13,Sawai Madhopur,10,1008,8,Rajasthan,,,0.019459334,0.064991085
109,282260.4855,0.064906869,53339.72157,0.012265671,12,12,14,11,11,12,13,Dausa,11,1108,8,Rajasthan,,,0.019525988,0.047779597
110,5770454.734,0.409205517,639853.5843,0.045374521,12,12,14,11,11,12,14,Jaipur,12,1208,8,Rajasthan,,,0.019553449,0.082669496
111,237897.7716,0.024555826,89734.21569,0.009262372,12,13,15,12,11,13,14,Sikar,13,1308,8,Rajasthan,,,0.020331213,0.04329897
112,281936.396,0.012745808,76109.87059,0.003440782,12,11,14,11,11,11,13,Nagaur,14,1408,8,Rajasthan,,,0.020481021,0.016574433
113,5608850.232,0.196334074,672224.5294,0.023530773,12,11,14,11,11,11,13,Jodhpur,15,1508,8,Rajasthan,,,0.02103501,0.020203986
114,910766.58,0.018910183,394886.7176,0.008199005,12,11,13,11,11,11,12,Jaisalmer,16,1608,8,Rajasthan,,,0.022145131,0.009420423
115,1098343.119,0.031199669,272446.0275,0.007739135,12,11,13,11,11,11,12,Barmer,17,1708,8,Rajasthan,,,0.022419772,0.007656312
117,118032.0389,0.018615552,24889.4549,0.003925468,12,12,14,11,11,12,13,Sirohi,19,1908,8,Rajasthan,,,0.023019735,0.011656104
118,299183.2353,0.019553449,66117.13333,0.004321158,12,11,14,11,11,11,14,Pali,20,2008,8,Rajasthan,,,0.023137766,0.028639235
121,252707.0876,0.036628962,64873.55686,0.009403183,12,12,13,11,11,12,13,Bundi,23,2308,8,Rajasthan,,,0.023673628,0.001342316
125,35971.50719,0.006559801,8576.823529,0.001564078,12,12,11,11,11,12,12,Banswara,27,2708,8,Rajasthan,,,0.024346588,0.014359944
127,1567986.019,0.230868429,146753.2627,0.021607779,12,12,14,11,11,12,14,Kota,29,2908,8,Rajasthan,,,0.024555826,0.017231889
128,307317.8172,0.036596058,49026.62353,0.005838194,12,12,13,11,11,12,13,Baran,30,3008,8,Rajasthan,,,0.024566708,0.00376087
130,814452.6836,0.055760629,91488.76863,0.00626368,12,12,13,11,11,12,13,Udaipur,32,3208,8,Rajasthan,,,0.02484422,0.003951978
132,40761.0524,0.008504553,10956,0.002285905,12,12,14,12,12,12,13,Saharanpur,1,109,9,Uttar Pradesh,,,0.024870634,0.018550596
133,545120.4547,0.105036386,66485.21961,0.012810686,12,12,14,14,12,12,13,Muzaffarnagar,2,209,9,Uttar Pradesh,,,0.0258673,0.031565838
134,244247.5028,0.044199986,45917.55686,0.008309421,12,12,14,12,11,12,12,Bijnor,3,309,9,Uttar Pradesh,,,0.02608001,0.030459359
135,195069.5673,0.04229311,19449.78431,0.004216915,12,12,13,12,12,12,12,Moradabad,4,409,9,Uttar Pradesh,,,0.026747251,0.032076309
136,80414.84957,0.024566708,13147.65882,0.004016605,12,12,13,12,12,12,12,Rampur,5,509,9,Uttar Pradesh,,,0.026755873,0.058895219
137,200671.6853,0.069379335,55255.45882,0.019103776,12,12,13,12,12,12,12,Jyotiba Phule Nagar,6,609,9,Uttar Pradesh,,,0.027152272,0.047054192
138,2407338.247,0.722379427,216846.2,0.065069889,12,12,14,14,12,12,13,Meerut,7,709,9,Uttar Pradesh,,,0.028273397,0.029719923
139,162768.1522,0.096028049,40136.0549,0.023679,12,12,14,14,12,12,13,Baghpat,8,809,9,Uttar Pradesh,,,0.028276835,0.050275121
141,7466331.201,4.17922527,306002.098,0.171282477,12,12,14,14,12,12,13,Gautam Buddha Nagar,10,1009,9,Uttar Pradesh,,,0.02871839,0.002864823
142,933648.7788,0.206932701,187441.1647,0.041544216,12,12,14,12,12,12,12,Bulandshahr,11,1109,9,Uttar Pradesh,,,0.029474368,0.085342145
143,982893.4356,0.207985517,125903.1412,0.026641779,12,12,14,11,12,12,12,Aligarh,12,1209,9,Uttar Pradesh,,,0.029560674,0.043838748
144,295257.8589,0.132669247,52792.47843,0.023721429,12,12,14,11,12,12,13,Mahamaya Nagar,13,1309,9,Uttar Pradesh,,,0.029690745,0.112757807
145,1482865.291,0.351270048,192935.3137,0.045703677,12,12,14,11,12,12,13,Mathura,14,1409,9,Uttar Pradesh,,,0.030025885,0.042130041
146,1401825.128,0.278024388,106407.5686,0.021103844,12,12,14,11,12,12,14,Agra,15,1509,9,Uttar Pradesh,,,0.030204462,0.071062724
147,226313.543,0.075109662,38709.70196,0.0128471,12,12,14,11,12,12,12,Firozabad,16,1609,9,Uttar Pradesh,,,0.030265548,0.040473236
148,210933.1751,0.062307625,52579.63137,0.015531516,12,12,14,11,12,12,12,Mainpuri,17,1709,9,Uttar Pradesh,,,0.030418526,0.064459533
149,85081.34752,0.013250917,18231.79216,0.002839494,12,12,12,11,12,12,12,Budaun,18,1809,9,Uttar Pradesh,,,0.031199669,0.013964089
150,543951.5531,0.113303076,43454.7098,0.009051454,12,12,12,12,12,12,12,Bareilly,19,1909,9,Uttar Pradesh,,,0.032262478,0.027729018
151,43433.41077,0.009523294,5671.176471,0.001243473,12,12,12,12,11,12,12,Pilibhit,20,2009,9,Uttar Pradesh,,,0.032653741,0.071157399
152,61221.49479,0.01041841,8754.435294,0.001489792,12,12,12,11,12,12,12,Shahjahanpur,21,2109,9,Uttar Pradesh,,,0.032807067,0.03323835
153,148610.334,0.015243293,33181.72941,0.003403524,12,12,12,11,11,12,12,Kheri,22,2209,9,Uttar Pradesh,,,0.033236492,0.076527133
154,188033.0659,0.0258673,31368.98431,0.004315363,12,12,12,11,11,12,12,Sitapur,23,2309,9,Uttar Pradesh,,,0.033680432,0.057644496
155,122656.1067,0.016253306,21623.56078,0.002865364,12,12,12,11,12,12,12,Hardoi,24,2409,9,Uttar Pradesh,,,0.033778715,0.042172386
156,54882.73307,0.009566994,16001.15294,0.002789273,12,12,12,11,11,12,12,Unnao,25,2509,9,Uttar Pradesh,,,0.034202921,0.042436014
157,5730183.965,1.805071,173554.3294,0.054671523,12,12,12,11,11,12,12,Lucknow,26,2609,9,Uttar Pradesh,,,0.034291127,0.000889827
159,170223.526,0.061991781,26367.07059,0.009602325,12,12,12,11,12,12,12,Farrukhabad,28,2809,9,Uttar Pradesh,,,0.034609892,0.02404233
160,97423.36459,0.037502197,19813.8,0.007627134,12,12,12,11,12,12,12,Kannauj,29,2909,9,Uttar Pradesh,,,0.034747236,0.0764117
161,344676.5715,0.118643326,43087.60392,0.01483146,12,12,14,11,11,12,12,Etawah,30,3009,9,Uttar Pradesh,,,0.036596058,0.088403719
162,38971.83776,0.015557241,9861.647059,0.003936689,12,12,12,11,11,12,12,Auraiya,31,3109,9,Uttar Pradesh,,,0.036628962,0.380793155
163,135212.0803,0.033778715,32201.5098,0.008044589,12,12,12,11,12,12,12,Kanpur Dehat,32,3209,9,Uttar Pradesh,,,0.037089061,0.054489654
164,1939799.358,0.541089706,106188.6314,0.02962037,12,12,12,11,12,12,12,Kanpur Nagar,33,3309,9,Uttar Pradesh,,,0.037502197,0.068088737
165,138272.4133,0.024346588,24489,0.004311949,12,12,14,11,12,12,12,Jalaun,34,3409,9,Uttar Pradesh,,,0.038561702,0.002789687
166,548356.9119,0.087543252,37933.68235,0.006055979,12,12,14,11,12,12,13,Jhansi,35,3509,9,Uttar Pradesh,,,0.038882517,0.022885544
167,212552.9208,0.034291127,41962.15686,0.006769748,12,12,14,11,11,12,12,Lalitpur,36,3609,9,Uttar Pradesh,,,0.040216129,0.079952286
168,156718.0365,0.029690745,27465.77647,0.005203481,12,12,14,11,12,12,12,Hamirpur,37,3709,9,Uttar Pradesh,,,0.040397027,0.050407831
169,48483.20054,0.013673583,9183.898039,0.002590109,12,12,14,11,12,12,12,Mahoba,38,3809,9,Uttar Pradesh,,,0.04053075,0.047805101
170,74610.94647,0.013319599,12260.1098,0.002188683,12,12,14,11,11,12,12,Banda,39,3909,9,Uttar Pradesh,,,0.041139607,0.018381882
171,4565.062693,0.001201005,1336.576471,0.000351635,12,12,13,11,11,12,12,Chitrakoot,40,4009,9,Uttar Pradesh,,,0.041143127,0.000243565
172,208211.0198,0.040216129,31898.91373,0.006161301,12,12,14,11,11,12,12,Fatehpur,41,4109,9,Uttar Pradesh,,,0.041803827,0.026499757
174,283424.2617,0.113000205,19330.29412,0.007706917,12,12,14,11,11,12,12,Kaushambi,43,4309,9,Uttar Pradesh,,,0.04229311,0.041130779
176,33658.382,0.00709195,8168.419608,0.001721117,12,12,12,11,11,12,12,Bara Banki,45,4509,9,Uttar Pradesh,,,0.043085224,0.001994104
180,3976.094903,0.000729385,1858.843137,0.000340991,12,12,12,11,11,12,12,Bahraich,49,4909,9,Uttar Pradesh,,,0.043466427,0.024772095
181,9146.826793,0.002900027,2400,0.000760927,12,12,12,11,11,12,12,Shrawasti,50,5009,9,Uttar Pradesh,,,0.044199986,0.02588394
182,33765.55193,0.008079526,3872.372549,0.000926593,12,12,12,11,11,12,12,Balrampur,51,5109,9,Uttar Pradesh,,,0.044252464,0.000849409
183,37225.79021,0.007361603,5674.858824,0.001122234,12,12,12,11,11,12,12,Gonda,52,5209,9,Uttar Pradesh,,,0.04530296,0.015091715
19,30587.24743,0.009607444,6706.494118,0.002106507,12,11,14,11,11,11,14,Udhampur,19,1901,1,Jammu & Kashmir,,,0.046104652,
20,25946.60517,0.008531575,7866.619608,0.002586645,12,13,13,11,11,13,13,Reasi,20,2001,1,Jammu & Kashmir,,,0.046152625,
201,136163.9024,0.043085224,26723.41176,0.008455869,12,12,14,11,12,12,12,Etah,70,7009,9,Uttar Pradesh,,,0.047582757,
202,112283.0189,0.04530296,20037,0.008084352,12,12,12,11,12,12,12,Kansiram Nagar,71,7109,9,Uttar Pradesh,,,0.047612497,
204,8665.165874,0.001745177,4117.682353,0.000829307,12,12,14,11,12,12,12,Purba Champaran,2,210,10,Bihar,,,0.049134758,
205,4209.963445,0.011717285,1252,0.003484601,12,12,13,11,12,12,12,Sheohar,3,310,10,Bihar,,,0.051568486,
206,9924.16811,0.003413539,5853.356863,0.002013334,12,12,14,11,12,12,12,Sitamarhi,4,410,10,Bihar,,,0.051948925,
207,30918.27061,0.007219192,11628.96078,0.002715278,12,12,14,11,12,12,12,Madhubani,5,510,10,Bihar,,,0.052366692,
208,29988.59763,0.010054009,12323.51373,0.004131594,12,12,13,11,12,12,12,Supaul,6,610,10,Bihar,,,0.053064014,
209,17665.77848,0.005063086,4368.498039,0.00125203,12,12,13,11,12,12,12,Araria,7,710,10,Bihar,,,0.053693211,
211,46967.65057,0.011691873,5318.521569,0.001323964,12,12,13,11,12,12,12,Purnia,9,910,10,Bihar,,,0.053957532,
212,999.1224245,0.000264246,261.9960784,6.93E-05,12,12,13,11,12,12,12,Katihar,10,1010,10,Bihar,,,0.054262933,
213,32114.11824,0.014114746,14147.72157,0.006218184,12,12,13,11,12,12,12,Madhepura,11,1110,10,Bihar,,,0.055200235,
220,75145.72138,0.030265548,34542.93725,0.013912448,12,12,12,11,12,12,12,Vaishali,18,1810,10,Bihar,,,0.055336977,
221,21590.80613,0.006005516,10310.64706,0.002867922,12,12,12,11,12,12,12,Samastipur,19,1910,10,Bihar,,,0.055760629,
228,18634.57392,0.023673628,6014.513725,0.007640924,12,12,12,11,12,12,12,Sheikhpura,26,2610,10,Bihar,,,0.05591862,
229,13730.05348,0.004770504,4460.717647,0.001549875,12,12,12,11,12,12,12,Nalanda,27,2710,10,Bihar,,,0.056994367,
230,1632984.344,0.412510913,141809.5569,0.03582275,12,12,12,12,12,12,12,Patna,28,2810,10,Bihar,,,0.060072997,
237,11112.36272,0.003642446,4672.894118,0.001531696,12,12,12,11,12,12,12,Nawada,35,3510,10,Bihar,,,0.061215097,
238,16312.73663,0.004355106,5841.717647,0.001559597,12,11,13,11,12,11,12,Jamui,36,3610,10,Bihar,,,0.061628252,
239,11003.74727,0.009595126,4397.372549,0.003834452,12,12,12,11,12,12,12,Jehanabad,37,3710,10,Bihar,,,0.061991781,
240,2905.669043,0.003543365,1837.262745,0.00224048,12,12,12,11,12,12,12,Arwal,38,3810,10,Bihar,,,0.062274272,
248,88198.88918,0.018586743,26424.6902,0.005568652,12,11,13,12,11,11,14,Papum Pare,4,412,12,Arunanchal Pradesh,,,0.062307625,
288,1302.311215,0.000546727,817,0.000342987,12,11,15,13,11,11,13,Saiha,8,815,15,Mizoram,,,0.063956735,
289,27676.9588,0.007570146,5907.647059,0.001615848,12,12,14,13,11,12,14,West Tripura,1,116,16,Tripura,,,0.064409554,
290,22592.33772,0.005909785,11551.53725,0.003021692,12,13,14,13,11,13,13,South Tripura,2,216,16,Tripura,,,0.064906869,
291,5857.449848,0.002129007,3589.066667,0.001304518,12,11,12,13,11,11,13,Dhalai,3,316,16,Tripura,,,0.069379335,
292,11398.27872,0.004557156,5597.388235,0.002237897,12,11,14,13,11,11,13,North Tripura,4,416,16,Tripura,,,0.070052049,
294,8406.503094,0.002315663,3673.392157,0.001011876,12,11,13,13,11,11,12,East Garo Hills,2,217,17,Meghalaya,,,0.070241478,
295,1706.880008,0.000719325,1159,0.000488434,12,11,13,12,11,11,12,South Garo Hills,3,317,17,Meghalaya,,,0.071419616,
300,11200.8613,0.00282925,5730.137255,0.001447388,12,11,11,11,11,11,12,Kokrajhar,1,118,18,Assam,,,0.075019383,
301,26712.22232,0.009362183,13163.22745,0.004613489,12,12,11,12,11,12,12,Dhubri,2,218,18,Assam,,,0.075109662,
302,17677.35931,0.007077702,7322.678431,0.002931871,12,11,11,13,11,11,12,Goalpara,3,318,18,Assam,,,0.075387705,
304,10197.98458,0.005301528,6205.066667,0.003225768,12,12,11,13,11,12,12,Marigaon,5,518,18,Assam,,,0.076420448,
305,40882.16056,0.008229731,23680.20784,0.004766914,12,12,11,13,11,12,12,Nagaon,6,618,18,Assam,,,0.078337997,
306,68515.53364,0.010547406,28120.16078,0.004328869,12,11,11,12,11,11,12,Sonitpur,7,718,18,Assam,,,0.081617167,
307,19448.98969,0.0053776,13480.47451,0.00372732,12,11,11,13,11,11,12,Lakhimpur,8,818,18,Assam,,,0.083286828,
312,21292.62095,0.00568302,10510.57255,0.002805281,12,12,12,13,11,12,13,Jorhat,13,1318,18,Assam,,,0.087543252,
313,139390.5186,0.033236492,40955.43922,0.009765479,12,12,13,13,11,12,12,Golaghat,14,1418,18,Assam,,,0.088270336,
314,28368.11421,0.002191675,14233.82353,0.001099682,12,11,13,12,11,11,12,Karbi Anglong,15,1518,18,Assam,,,0.089243061,
315,3564.598586,0.000588415,1000.913725,0.000165223,12,11,13,12,11,11,12,Dima Hasao,16,1618,18,Assam,,,0.096028049,
316,72846.01304,0.015656837,24677,0.005303842,12,11,11,13,11,11,12,Cachar,17,1718,18,Assam,,,0.099534822,
317,30828.50141,0.013442128,15741.48235,0.006863746,12,11,11,13,11,11,12,Karimganj,18,1818,18,Assam,,,0.105036386,
318,11701.98257,0.007163613,5290.419608,0.003238641,12,11,11,13,11,11,12,Hailakandi,19,1918,18,Assam,,,0.113000205,
319,2986.050829,0.002278812,2165.505882,0.001652611,12,12,11,12,11,12,12,Bongaigaon,20,2018,18,Assam,,,0.113303076,
320,4869.787842,0.00225447,2231.317647,0.001032989,12,11,11,11,11,11,12,Chirang,21,2118,18,Assam,,,0.114444318,
321,159812.5384,0.044252464,48973.54902,0.01356089,12,12,11,13,11,12,12,Kamrup,22,2218,18,Assam,,,0.118476234,
324,1312.184333,0.000443343,942.8392157,0.000318554,12,12,11,12,11,12,12,Baksa,25,2518,18,Assam,,,0.118529298,
325,575.5736451,0.000286529,434.2745098,0.000216189,12,12,11,13,11,12,12,Darrang,26,2618,18,Assam,,,0.118643326,
326,542.4291349,0.000212825,432.8235294,0.000169821,12,12,11,12,11,12,12,Udalguri,27,2718,18,Assam,,,0.118785387,
328,60393.34742,0.007775624,20655.8902,0.002659439,12,11,12,12,11,11,12,Jalpaiguri,2,219,19,West Bengal,,,0.123877355,
329,136771.0475,0.032262478,39305.3098,0.009271602,12,12,12,13,11,12,12,Koch Bihar,3,319,19,West Bengal,,,0.130714376,
330,217102.1592,0.054262933,52930.77255,0.013229619,12,12,11,11,12,12,12,Uttar Dinajpur,4,419,19,West Bengal,,,0.130729219,
331,18268.13094,0.006822241,5336.882353,0.001993061,12,12,11,11,12,12,12,Dakshin Dinajpur,5,519,19,West Bengal,,,0.132669247,
332,120424.738,0.027152272,44874.01961,0.010117785,12,12,12,11,12,12,12,Maldah,6,619,19,West Bengal,,,0.133552122,
333,170266.9488,0.02608001,57802.63529,0.008853705,12,12,11,11,12,12,12,Murshidabad,7,719,19,West Bengal,,,0.137093025,
334,255981.8298,0.046104652,87862.66667,0.015824864,12,12,11,11,12,12,12,Birbhum,8,819,19,West Bengal,,,0.143000165,
335,1779101.876,0.208164562,253133.0784,0.029617942,12,12,12,12,12,12,13,Barddhaman,9,919,19,West Bengal,,,0.147039539,
336,127564.2279,0.026747251,33470.92941,0.007018075,12,12,12,13,12,12,13,Nadia,10,1019,19,West Bengal,,,0.151214564,
337,906011.2783,0.147039539,92634.06275,0.015033886,12,12,12,13,12,12,13,North 24 Parganas,11,1119,19,West Bengal,,,0.165171955,
338,451410.6573,0.118476234,75880.18039,0.019915343,12,12,12,13,12,12,14,Hugli,12,1219,19,West Bengal,,,0.169056484,
339,284103.2878,0.033680432,90056.62745,0.010676209,12,12,11,11,11,12,12,Bankura,13,1319,19,West Bengal,,,0.187040769,
344,342026.3294,0.030204462,83247.51373,0.007351616,12,12,11,12,12,12,13,Pashchim Medinipur,18,1819,19,West Bengal,,,0.196334074,
35,356880.6321,0.075019383,89289.28627,0.018769377,12,12,12,12,13,12,14,Gurdaspur,1,103,3,Punjab,,,0.200715905,
352,23177.51462,0.008584178,11919.70588,0.004414661,12,11,13,11,11,11,12,Sahibganj,7,720,20,Jharkhand,,,0.202047061,
353,29316.61339,0.013171834,10014.46667,0.004499459,12,12,13,11,12,12,12,Pakur,8,820,20,Jharkhand,,,0.206932701,
36,366550.7481,0.169056484,61338.51373,0.028289871,12,12,14,14,13,12,14,Kapurthala,2,203,3,Punjab,,,0.207985517,
361,235741.7544,0.143000165,39855.48627,0.024176206,12,11,14,11,12,11,14,Ramgarh,16,1620,20,Jharkhand,,,0.208164562,
366,15009.923,0.00230974,4925,0.000757863,12,11,13,11,11,11,12,Gumla,21,2120,20,Jharkhand,,,0.230868429,
367,6643.891443,0.001452419,2408,0.000526412,12,11,13,11,11,11,12,Simdega,22,2220,20,Jharkhand,,,0.278024388,
370,50850.89521,0.007326591,16144.83137,0.002326145,12,12,13,11,11,12,12,Bargarh,1,121,21,Odisha,,,0.284591347,
371,348767.2046,0.137093025,39071.96078,0.015358363,12,12,13,11,11,12,13,Jharsuguda,2,221,21,Odisha,,,0.338348256,
372,331972.8762,0.041139607,38043.32941,0.004714505,12,12,11,11,11,12,12,Sambalpur,3,321,21,Odisha,,,0.344876946,
375,294604.2163,0.029560674,50547.64706,0.005071966,12,12,11,11,11,12,12,Kendujhar,6,621,21,Odisha,,,0.351270048,
377,179361.891,0.038561702,44250.81961,0.009513654,12,12,11,11,12,12,13,Baleshwar,8,821,21,Odisha,,,0.364059895,
378,22382.31347,0.007547968,5956.066667,0.002008559,12,12,12,11,12,12,13,Bhadrak,9,921,21,Odisha,,,0.36818772,
379,35899.18084,0.01215711,10044.81961,0.003401637,12,12,12,11,12,12,13,Kendrapara,10,1021,21,Odisha,,,0.409205517,
38,243245.508,0.055200235,43157.64314,0.009793858,12,13,14,14,13,13,14,Hoshiarpur,4,403,3,Punjab,,,0.412510913,
380,80447.94699,0.038882517,11137.70588,0.005383134,12,12,12,11,12,12,13,Jagatsinghapur,11,1121,21,Odisha,,,0.541089706,
381,329011.4061,0.070052049,46906.65098,0.009987213,12,12,12,11,12,12,13,Cuttack,12,1221,21,Odisha,,,,
382,139780.8227,0.040397027,41665.51373,0.012041443,12,12,11,11,12,12,13,Jajapur,13,1321,21,Odisha,,,,
385,16687.75746,0.003605741,6298.309804,0.001360882,12,11,11,11,11,11,13,Nayagarh,16,1621,21,Odisha,,,,
386,201434.2697,0.061628252,41147.37647,0.012588925,12,11,12,11,11,11,13,Khordha,17,1721,21,Odisha,,,,
387,15811.41869,0.003747611,5423.047059,0.001285367,12,12,11,11,12,12,13,Puri,18,1821,21,Odisha,,,,
388,533445.6083,0.053064014,60870.22353,0.00605501,12,12,11,11,11,12,13,Ganjam,19,1921,21,Odisha,,,,
39,5310.239597,0.003135459,2414.701961,0.001425773,12,12,14,14,13,12,14,Shahid Bhagat Singh Nagar,5,503,3,Punjab,,,,
391,1022.680382,0.000274981,399,0.000107284,12,12,13,11,11,12,12,Bauda,22,2221,21,Odisha,,,,
392,13747.94806,0.004879852,4428,0.001571724,12,12,13,11,11,12,12,Subarnapur,23,2321,21,Odisha,,,,
393,113184.3322,0.014455476,15733.02353,0.002009362,12,12,13,11,11,12,12,Balangir,24,2421,21,Odisha,,,,
394,6055.389028,0.001314903,1894.823529,0.000411453,12,12,13,11,11,12,12,Nuapada,25,2521,21,Odisha,,,,
397,8319.091627,0.001324498,1771,0.000281964,12,12,13,11,11,12,12,Nabarangapur,28,2821,21,Odisha,,,,
398,160694.1669,0.015648703,20627,0.002008696,12,12,13,11,11,12,12,Koraput,29,2921,21,Odisha,,,,
399,5387.907155,0.000786983,1942.639216,0.000283751,12,12,13,11,11,12,12,Malkangiri,30,3021,21,Odisha,,,,
40,41863.13923,0.028273397,6889.360784,0.004652915,12,12,14,14,13,12,14,Fatehgarh Sahib,6,603,3,Punjab,,,,
401,118498.5013,0.006195821,19235,0.001005723,12,12,13,11,11,12,13,Surguja,2,222,22,Chhattisgarh,,,,
402,10821.36908,0.001539502,4629,0.000658545,12,12,15,11,11,12,13,Jashpur,3,322,22,Chhattisgarh,,,,
403,85797.08426,0.010050961,14691.20392,0.001721046,12,12,13,11,11,12,14,Raigarh,4,422,22,Chhattisgarh,,,,
404,228507.9144,0.02871839,20715.27451,0.002603452,12,12,13,11,11,12,14,Korba,5,522,22,Chhattisgarh,,,,
405,152015.0169,0.032653741,37772.4549,0.008113751,12,12,13,11,11,12,14,Janjgir-champa,6,622,22,Chhattisgarh,,,,
410,1063542.198,0.071419616,139676.5373,0.009379642,12,12,13,11,11,12,14,Raipur,11,1122,22,Chhattisgarh,,,,
414,180831.9198,0.014757807,16712.15686,0.00136389,12,12,13,11,11,12,13,Bastar,15,1522,22,Chhattisgarh,,,,
418,37689.11005,0.004649012,4517.12549,0.000557195,12,12,13,11,12,12,13,Sheopur,1,123,23,Madhya Pradesh,,,,
419,24977.78782,0.004022258,6182.058824,0.000995518,12,12,14,11,12,12,12,Morena,2,223,23,Madhya Pradesh,,,,
42,268722.8887,0.088270336,65153.44706,0.021401663,12,12,14,13,13,12,14,Moga,8,803,3,Punjab,,,,
420,164041.7755,0.029474368,19492.05882,0.003502255,12,12,14,11,12,12,12,Bhind,3,323,23,Madhya Pradesh,,,,
421,417326.39,0.064409554,30719.64314,0.004741226,12,12,14,11,12,12,13,Gwalior,4,423,23,Madhya Pradesh,,,,
422,149567.5539,0.063956735,15422.74902,0.006594938,12,12,14,11,12,12,13,Datia,5,523,23,Madhya Pradesh,,,,
424,176398.6807,0.028276835,57736.29804,0.00925517,12,11,14,11,11,11,13,Tikamgarh,7,723,23,Madhya Pradesh,,,,
425,179700.4103,0.016850751,56806.76863,0.005326848,12,12,14,11,11,12,13,Chhatarpur,8,823,23,Madhya Pradesh,,,,
426,83397.30734,0.009587535,22879.57255,0.002630285,12,12,13,11,11,12,12,Panna,9,923,23,Madhya Pradesh,,,,
427,464076.8076,0.037089061,79528.42353,0.006355919,12,12,13,11,11,12,13,Sagar,10,1023,23,Madhya Pradesh,,,,
428,57338.11493,0.006392837,16302.73333,0.001817652,12,11,13,11,11,11,13,Damoh,11,1123,23,Madhya Pradesh,,,,
429,134794.5346,0.014654853,29382.75686,0.003194491,12,12,15,11,11,12,13,Satna,12,1223,23,Madhya Pradesh,,,,
43,204938.3414,0.030418526,51319.32941,0.00761721,12,12,12,13,12,12,14,Firozpur,9,903,3,Punjab,,,,
430,163070.2973,0.02103501,25983.45882,0.003351697,12,12,15,11,12,12,13,Rewa,13,1323,23,Madhya Pradesh,,,,
44,180553.0444,0.053693211,39191.33725,0.011654795,12,13,12,13,13,13,14,Muktsar,10,1003,3,Punjab,,,,
442,116766.1206,0.015615928,25010.43137,0.003344815,12,12,13,11,11,12,13,Rajgarh,25,2523,23,Madhya Pradesh,,,,
443,197528.2699,0.022145131,33229.96078,0.003725451,12,12,13,11,12,12,13,Vidisha,26,2623,23,Madhya Pradesh,,,,
444,1121531.827,0.338348256,83488.09412,0.025187026,12,12,13,11,11,12,14,Bhopal,27,2723,23,Madhya Pradesh,,,,
445,239169.1605,0.030025885,48155.13333,0.006045514,12,12,12,11,11,12,14,Sehore,28,2823,23,Madhya Pradesh,,,,
446,256719.7354,0.024870634,61260.35686,0.005934814,12,12,12,11,11,12,13,Raisen,29,2923,23,Madhya Pradesh,,,,
448,52721.15527,0.013176014,8717.568627,0.002178685,12,12,12,12,11,12,14,Harda,31,3123,23,Madhya Pradesh,,,,
449,280856.1122,0.034609892,48728.89804,0.006004861,12,12,12,12,11,12,14,Hoshangabad,32,3223,23,Madhya Pradesh,,,,
45,98402.57627,0.052366692,24257.98039,0.012909318,12,12,14,13,13,12,14,Faridkot,11,1103,3,Punjab,,,,
451,736970.6375,0.118785387,48999.15686,0.007897715,12,12,13,11,11,12,14,Jabalpur,34,3423,23,Madhya Pradesh,,,,
452,34289.94491,0.005499467,10208.75294,0.001637293,12,12,12,11,11,12,13,Narsimhapur,35,3523,23,Madhya Pradesh,,,,
456,84914.21652,0.008038723,14352,0.001358686,12,12,13,11,11,12,14,Seoni,39,3923,23,Madhya Pradesh,,,,
457,75323.65466,0.006774046,17766.90588,0.001597823,12,12,15,11,11,12,13,Balaghat,40,4023,23,Madhya Pradesh,,,,
458,150224.1506,0.019426826,20102.12549,0.002599585,12,12,13,11,11,12,13,Guna,41,4123,23,Madhya Pradesh,,,,
459,102754.3748,0.017711115,21036.21569,0.003625878,12,12,15,11,12,12,13,Ashoknagar,42,4223,23,Madhya Pradesh,,,,
46,872207.3642,0.200715905,135694.1255,0.031226484,12,13,14,13,13,13,14,Bathinda,12,1203,3,Punjab,,,,
462,23066.51535,0.003947222,4818.584314,0.000824573,12,12,15,11,11,12,12,Sidhi,45,4523,23,Madhya Pradesh,,,,
463,189237.4978,0.026755873,24442.54902,0.003455878,12,11,15,11,11,11,12,Singrauli,46,4623,23,Madhya Pradesh,,,,
468,2643496.942,0.051568486,541139.0392,0.010556366,12,13,15,12,11,13,14,Kachchh,1,124,24,Gujarat,,,,
469,212852.5097,0.01631077,58099.50196,0.004452133,12,13,14,11,11,13,13,Banas Kantha,2,224,24,Gujarat,,,,
47,157370.0156,0.055336977,53291.57255,0.01873924,12,13,14,13,12,13,14,Mansa,13,1303,3,Punjab,,,,
470,87993.55504,0.012771198,22180.5098,0.003219232,12,13,14,12,11,13,14,Patan,3,324,24,Gujarat,,,,
471,405383.2978,0.075387705,70180.87451,0.01305129,12,13,15,12,13,13,14,Mahesana,4,424,24,Gujarat,,,,
472,162453.3063,0.01795116,43659.93725,0.004824442,12,13,14,12,11,13,14,Sabar Kantha,5,524,24,Gujarat,,,,
473,211921.6843,0.081617167,33997.10196,0.013093267,12,13,14,14,13,13,14,Gandhinagar,6,624,24,Gujarat,,,,
474,808133.9658,0.083286828,81959.79608,0.008446832,12,13,14,12,11,13,14,Ahmadabad,7,724,24,Gujarat,,,,
475,724862.795,0.056994367,190202.4941,0.014955204,12,13,14,11,11,13,14,Surendranagar,8,824,24,Gujarat,,,,
476,1058254.959,0.078337997,228817.9529,0.016938395,12,13,15,12,12,13,14,Rajkot,9,924,24,Gujarat,,,,
477,1557178.563,0.118529298,182720.6706,0.01390833,12,13,15,12,12,13,14,Jamnagar,10,1024,24,Gujarat,,,,
478,153697.1062,0.05591862,29079.36078,0.010579755,12,13,15,12,11,13,14,Porbandar,11,1124,24,Gujarat,,,,
479,430942.3492,0.043466427,71623.90588,0.00722425,12,13,15,12,11,13,14,Junagadh,12,1224,24,Gujarat,,,,
48,267654.2056,0.062274272,41677.58431,0.009696994,12,12,14,14,13,12,14,Patiala,14,1403,3,Punjab,,,,
480,329611.7578,0.034747236,86909.88627,0.009161925,12,13,15,12,12,13,14,Amreli,13,1324,24,Gujarat,,,,
481,604250.688,0.060072997,166039.1647,0.016507172,12,13,15,12,11,13,14,Bhavnagar,14,1424,24,Gujarat,,,,
482,350700.0349,0.099534822,85124.45098,0.024159813,12,13,14,12,11,13,14,Anand,15,1524,24,Gujarat,,,,
483,296393.6954,0.061215097,66159.3098,0.013664085,12,13,14,11,11,13,14,Kheda,16,1624,24,Gujarat,,,,
484,219599.3383,0.034202921,34679.06275,0.005401315,12,12,14,11,11,12,14,Panch Mahals,17,1724,24,Gujarat,,,,
485,47470.80011,0.010897903,9486.890196,0.002177912,12,11,13,11,11,11,14,Dohad,18,1824,24,Gujarat,,,,
486,1832090.264,0.202047061,117279.5529,0.012933855,12,13,14,11,11,13,14,Vadodara,19,1924,24,Gujarat,,,,
487,11739.3595,0.003458349,3887.588235,0.001145262,12,12,13,11,11,12,14,Narmada,20,2024,24,Gujarat,,,,
488,959974.9743,0.151214564,110947.3843,0.017476352,12,13,15,12,11,13,14,Bharuch,21,2124,24,Gujarat,,,,
49,141221.0834,0.04053075,42816.76863,0.012288503,12,12,12,14,12,12,14,Amritsar,15,1503,3,Punjab,,,,
491,175658.4506,0.049134758,28744.42353,0.008040321,12,12,15,12,11,12,14,Valsad,24,2424,24,Gujarat,,,,
50,144125.5169,0.046152625,32502.38431,0.010408083,12,12,12,14,12,12,14,Tarn Taran,16,1603,3,Punjab,,,,
507,93140.1921,0.014216848,15219.0902,0.00232303,12,12,14,12,11,12,14,Gondiya,11,1127,27,Maharashtra,,,,
529,12025.56358,0.002038336,5267.572549,0.000892855,12,11,15,14,11,11,14,Sindhudurg,33,3327,27,Maharashtra,,,,
53,90351.31671,0.019459334,25126.02745,0.005411496,12,12,14,13,13,12,14,Sangrur,19,1903,3,Punjab,,,,
54,146704.3133,0.076420448,35259.32157,0.018367102,12,13,14,13,13,13,14,Barnala,20,2003,3,Punjab,,,,
545,48886.59661,0.003854772,12319.46667,0.000971406,12,13,15,12,11,13,14,East Godavari,14,1428,28,Andhra Pradesh,,,,
558,130996.1908,0.020481021,22961.35294,0.003589967,12,13,14,11,11,13,14,Bidar,4,429,29,Karnataka,,,,
616,7379.259704,0.003317842,2924.984314,0.001315123,12,13,14,11,11,13,14,Ariyalur,15,1533,33,Tamil Nadu,,,,
617,564052.2312,0.133552122,97340.82353,0.023047641,12,13,15,12,13,13,14,Cuddalore,16,1633,33,Tamil Nadu,,,,
618,55277.45682,0.019525988,11919.76863,0.004210491,12,13,14,12,13,13,14,Nagappattinam,17,1733,33,Tamil Nadu,,,,
619,23558.61877,0.009110325,7707.070588,0.002980392,12,13,14,12,11,13,14,Thiruvarur,18,1833,33,Tamil Nadu,,,,
620,61292.00624,0.015873084,17651.37647,0.004571261,12,13,14,12,13,13,14,Thanjavur,19,1933,33,Tamil Nadu,,,,
639,140.7089486,3.71E-05,87,2.29E-05,12,11,13,11,11,11,13,North & Middle Andaman,2,235,35,Andaman & Nicobar Island,,,,
67,144447.4305,0.041143127,18985.00392,0.00540752,12,12,14,14,11,12,14,Udham Singh Nagar,12,1205,5,Uttarakhand,,,,
68,21357.12377,0.006954903,3105.74902,0.001011381,12,12,14,12,12,12,14,Hardwar,13,1305,5,Uttarakhand,,,,
7,63356.22698,0.020331213,14114.41176,0.004529359,12,13,15,11,11,13,14,Kathua,7,701,1,Jammu & Kashmir,,,,
70,555914.6886,0.284591347,58580.7098,0.029989427,12,13,14,14,13,13,14,Ambala,2,206,6,Haryana,,,,
71,121001.3455,0.053957532,18336.94902,0.008176905,12,13,14,12,13,13,14,Yamunanagar,3,306,6,Haryana,,,,
72,378126.7107,0.187040769,40633.54902,0.020099427,12,13,14,14,13,13,14,Kurukshetra,4,406,6,Haryana,,,,
73,386316.7142,0.130714376,51639.17647,0.017472665,12,13,14,13,12,13,14,Kaithal,5,506,6,Haryana,,,,
74,559519.6556,0.165171955,53339.09412,0.015745868,12,13,14,14,13,13,14,Karnal,6,606,6,Haryana,,,,
75,577605.6672,0.36818772,38786.06275,0.024723705,12,13,14,14,13,13,14,Panipat,7,706,6,Haryana,,,,
76,949407.4105,0.344876946,112084.4667,0.040715238,12,13,14,14,13,13,14,Sonipat,8,806,6,Haryana,,,,
77,309478.2351,0.089243061,55942.09804,0.01613181,12,13,14,12,12,13,14,Jind,9,906,6,Haryana,,,,
78,146654.7193,0.047582757,20987.48235,0.006809479,12,13,14,13,12,13,14,Fatehabad,10,1006,6,Haryana,,,,
79,227297.3885,0.041803827,67226.41569,0.012364073,12,13,14,13,12,13,14,Sirsa,11,1106,6,Haryana,,,,
80,124176.8783,0.023137766,28070.26667,0.005230308,12,13,14,13,12,13,14,Hisar,12,1206,6,Haryana,,,,
81,672908.619,0.114444318,125553.3451,0.02135337,12,13,14,12,12,13,14,Bhiwani,13,1306,6,Haryana,,,,
82,797886.7726,0.364059895,89306.66275,0.040748857,12,13,14,14,13,13,14,Rohtak,14,1406,6,Haryana,,,,
83,321793.8887,0.130729219,61681.68627,0.025058272,12,13,14,14,12,13,14,Jhajjar,15,1506,6,Haryana,,,,
84,80093.952,0.032807067,22655.12549,0.009279705,12,13,14,12,12,13,14,Mahendragarh,16,1606,6,Haryana,,,,
85,132686.6046,0.070241478,19712.38824,0.010435321,12,13,14,12,12,13,14,Rewari,17,1706,6,Haryana,,,,
99,651023.8685,0.047612497,169072.3569,0.012365072,12,11,14,13,12,11,13,Ganganagar,1,108,8,Rajasthan,,,,
,,,,,,,,,,,,,,,,,,,,
100,247123.3223,0.019468143,61403.07059,0.004837276,13,11,15,13,12,11,13,Hanumangarh,2,208,8,Rajasthan,,,,
101,1664816.558,0.043534154,444073.4667,0.011612308,13,11,14,11,11,11,13,Bikaner,3,308,8,Rajasthan,,,,
116,191917.6372,0.014512099,44802.38431,0.00338779,13,11,12,11,11,11,13,Jalor,18,1808,8,Rajasthan,,,,
119,364081.7033,0.034349139,77760.58039,0.00733629,13,12,14,11,11,12,14,Ajmer,21,2108,8,Rajasthan,,,,
120,351878.2031,0.039048603,61335.87451,0.00680656,13,12,13,11,11,12,13,Tonk,22,2208,8,Rajasthan,,,,
122,147135.9395,0.011376574,56621.20784,0.004377961,13,12,13,11,11,12,14,Bhilwara,24,2408,8,Rajasthan,,,,
123,462225.7009,0.078032656,77963.54118,0.013161757,13,12,13,11,11,12,14,Rajsamand,25,2508,8,Rajasthan,,,,
126,336869.0105,0.035833783,72184.23137,0.007678457,13,12,13,11,11,12,14,Chittaurgarh,28,2808,8,Rajasthan,,,,
129,129083.6644,0.016845421,39907.90196,0.005207982,13,12,13,11,11,12,14,Jhalawar,31,3108,8,Rajasthan,,,,
131,72938.22509,0.013856477,19159.59608,0.003639854,13,12,13,11,11,12,12,Pratapgarh,33,3308,8,Rajasthan,,,,
241,5701.711098,0.001061765,3526,0.000656607,13,13,13,14,11,13,14,North,1,111,11,Sikkim,,,,
245,3104.374978,0.001045632,2571,0.000865978,13,11,13,12,11,11,14,Tawang,1,112,12,Arunanchal Pradesh,,,,
246,46266.59479,0.006998827,19719.1451,0.002982949,13,13,13,11,11,13,14,West Kameng,2,212,12,Arunanchal Pradesh,,,,
247,3268.92641,0.000433234,1737.647059,0.000230292,13,11,13,11,11,11,11,East Kameng,3,312,12,Arunanchal Pradesh,,,,
249,0,0,0,0,13,11,13,11,11,11,11,Upper Subansiri,5,512,12,Arunanchal Pradesh,,,,
25,0,0,0,0,13,13,15,13,11,13,14,Lahul & Spiti,3,302,2,Himachal Pradesh,,,,
252,1223.813896,0.000142068,962,0.000111675,13,13,15,11,11,13,14,Upper Siang,8,812,12,Arunanchal Pradesh,,,,
253,62355.24582,0.009851559,9885.007843,0.001561741,13,11,13,13,11,11,13,Changlang,9,912,12,Arunanchal Pradesh,,,,
254,5372.362027,0.00211395,2235.196078,0.000879519,13,11,13,13,11,11,14,Tirap,10,1012,12,Arunanchal Pradesh,,,,
26,7913.756908,0.001093813,2715.572549,0.000375337,13,13,15,12,13,13,14,Kullu,4,402,2,Himachal Pradesh,,,,
260,0,0,0,0,13,13,11,11,11,13,13,Anjaw,16,1612,12,Arunanchal Pradesh,,,,
261,5750.84221,0.002500295,1853.4,0.000805803,13,11,13,13,11,11,13,Mon,1,113,13,Nagaland,,,,
263,4433.230306,0.002833525,2491,0.001592137,13,11,13,13,11,11,14,Zunheboto,3,313,13,Nagaland,,,,
266,1596.729175,0.000628723,1030,0.00040557,13,13,13,13,11,13,14,Phek,6,613,13,Nagaland,,,,
267,2081.998951,0.000678117,1247,0.000406154,13,13,13,12,11,13,13,Tuensang,7,713,13,Nagaland,,,,
268,76.50203498,0.000108674,56.21960784,7.99E-05,13,11,13,13,11,11,13,Longleng,8,813,13,Nagaland,,,,
269,536.1853685,0.000376475,323,0.00022679,13,13,13,12,11,13,14,Kiphire,9,913,13,Nagaland,,,,
271,3093.304101,0.001436083,1602,0.000743737,13,11,13,13,11,11,13,Peren,11,1113,13,Nagaland,,,,
273,14669.77279,0.002842375,8477.403922,0.001642559,13,11,11,13,11,11,13,Tamenglong,2,214,14,Manipur,,,,
274,16194.37895,0.00288864,8035.278431,0.001433277,13,11,13,13,11,11,13,Churachandpur,3,314,14,Manipur,,,,
279,127.4085543,2.32E-05,85,1.55E-05,13,11,13,13,11,11,13,Ukhrul,8,814,14,Manipur,,,,
280,1354.660291,0.000347641,522.1058824,0.000133986,13,11,13,13,11,11,13,Chandel,9,914,14,Manipur,,,,
281,52.01979208,1.41E-05,49,1.32E-05,13,11,13,13,11,11,13,Mamit,1,115,15,Mizoram,,,,
282,760.4866476,0.00046139,444.0313725,0.000269396,13,13,14,13,13,13,14,Kolasib,2,215,15,Mizoram,,,,
283,30.07046471,6.60E-06,17.96862745,3.95E-06,13,11,15,14,13,11,14,Aizawl,3,315,15,Mizoram,,,,
284,4683.685985,0.001148184,2723,0.000667531,13,13,14,13,11,13,14,Champhai,4,415,15,Mizoram,,,,
285,1114.465538,0.000796555,703,0.000502463,13,11,12,13,11,11,14,Serchhip,5,515,15,Mizoram,,,,
286,834.8412405,0.000152449,545,9.95E-05,13,11,13,13,11,11,13,Lunglei,6,615,15,Mizoram,,,,
287,1162.440904,0.000482146,677,0.000280799,13,11,13,13,11,11,12,Lawangtlai,7,715,15,Mizoram,,,,
293,1181.078769,0.000285353,908.3607843,0.000219464,13,11,13,12,11,11,12,West Garo Hills,1,117,17,Meghalaya,,,,
296,1050.267514,0.000162487,570.1411765,8.82E-05,13,11,11,12,11,11,13,West Khasi Hills,4,417,17,Meghalaya,,,,
297,10346.03852,0.003447489,3441.25098,0.001146688,13,11,13,13,11,11,13,Ri Bhoi,5,517,17,Meghalaya,,,,
298,1286.924138,0.000371518,547.6078431,0.000158087,13,11,11,12,11,11,14,East Khasi Hills,6,617,17,Meghalaya,,,,
299,53854.99355,0.011485473,16341.51373,0.0034851,13,11,11,12,11,11,13,Jaintia Hills,7,717,17,Meghalaya,,,,
31,27012.00189,0.010598258,3662.686275,0.001437068,13,13,15,14,11,13,14,Solan,9,902,2,Himachal Pradesh,,,,
32,16067.9264,0.004408113,2824.968627,0.000775009,13,13,15,14,11,13,14,Sirmaur,10,1002,2,Himachal Pradesh,,,,
33,1599.961294,0.000238901,864.6901961,0.000129113,13,13,15,14,13,13,14,Shimla,11,1102,2,Himachal Pradesh,,,,
34,10654.11031,0.001259449,2513,0.000297068,13,13,15,14,13,13,14,Kinnaur,12,1202,2,Himachal Pradesh,,,,
365,14526.89845,0.004425803,3185,0.00097035,13,11,13,11,11,11,12,Khunti,20,2020,20,Jharkhand,,,,
389,12219.34718,0.002546698,1525,0.000317833,13,11,13,11,11,11,13,Gajapati,20,2021,21,Odisha,,,,
406,780116.0804,0.077511076,82818.92941,0.008228755,13,12,13,11,11,12,14,Bilaspur,7,722,22,Chhattisgarh,,,,
407,82488.82543,0.016222655,21502.15294,0.004228718,13,12,13,11,11,12,14,Kabeerdham,8,822,22,Chhattisgarh,,,,
408,162978.3141,0.016912425,30267.20784,0.003140859,13,12,13,11,11,12,14,Rajnandgaon,9,922,22,Chhattisgarh,,,,
409,150769.3003,0.01463959,33574.94902,0.003260103,13,12,14,11,11,12,14,Durg,10,1022,22,Chhattisgarh,,,,
411,50214.71869,0.008860252,13191.91373,0.002327678,13,12,13,11,11,12,14,Mahasamund,12,1222,22,Chhattisgarh,,,,
412,74960.51985,0.015487489,19835.27843,0.004098139,13,12,13,11,11,12,14,Dhamtari,13,1322,22,Chhattisgarh,,,,
413,24710.96239,0.003054698,7803,0.000964584,13,12,13,11,11,12,13,Uttar Bastar Kanker,14,1422,22,Chhattisgarh,,,,
415,128.0815092,2.53E-05,83,1.64E-05,13,11,13,11,11,11,12,Narayanpur,16,1622,22,Chhattisgarh,,,,
416,94451.52921,0.009036172,12254.50588,0.001172388,13,12,13,11,11,12,12,Dakshin Bastar Dantewada,17,1722,22,Chhattisgarh,,,,
417,822.9014982,7.94E-05,475,4.58E-05,13,12,13,11,11,12,12,Bijapur,18,1822,22,Chhattisgarh,,,,
423,40762.66397,0.003151973,11106.3098,0.000858795,13,12,13,11,11,12,12,Shivpuri,6,623,23,Madhya Pradesh,,,,
432,260269.6888,0.050953936,50287.55294,0.009844976,13,11,13,11,11,11,14,Neemuch,15,1523,23,Madhya Pradesh,,,,
433,189305.3161,0.027423674,38435.99216,0.005568022,13,11,14,11,11,11,14,Mandsaur,16,1623,23,Madhya Pradesh,,,,
434,176884.6786,0.030114796,25142.93333,0.00428061,13,12,13,11,11,12,13,Ratlam,17,1723,23,Madhya Pradesh,,,,
435,193579.7117,0.026138251,24198.28235,0.003267392,13,12,13,11,11,12,14,Ujjain,18,1823,23,Madhya Pradesh,,,,
436,188172.4761,0.024525733,45015.35294,0.005867141,13,12,13,11,11,12,14,Shajapur,19,1923,23,Madhya Pradesh,,,,
437,297367.4847,0.035267735,54916.16471,0.006513048,13,12,14,11,11,12,14,Dewas,20,2023,23,Madhya Pradesh,,,,
438,104787.3657,0.010638745,31734.22353,0.00322188,13,12,13,11,11,12,14,Dhar,21,2123,23,Madhya Pradesh,,,,
439,1967029.128,0.41516057,118447.3686,0.024999466,13,12,14,12,12,12,14,Indore,22,2223,23,Madhya Pradesh,,,,
440,158929.1758,0.01638853,41681.69804,0.004298152,13,13,12,11,12,13,14,West Nimar,23,2323,23,Madhya Pradesh,,,,
441,139625.3883,0.021360618,40537.52941,0.006201642,13,12,13,11,11,12,14,Barwani,24,2423,23,Madhya Pradesh,,,,
447,72626.87046,0.005997146,14314.46667,0.001182014,13,12,13,11,11,12,14,Betul,30,3023,23,Madhya Pradesh,,,,
453,5831.776612,0.000843848,2759,0.000399223,13,11,13,11,11,11,12,Dindori,36,3623,23,Madhya Pradesh,,,,
454,3292.317733,0.000360698,1476.094118,0.000161717,13,11,13,11,11,11,13,Mandla,37,3723,23,Madhya Pradesh,,,,
455,192587.3411,0.013537308,30640.32549,0.002153763,13,12,13,11,11,12,14,Chhindwara,38,3823,23,Madhya Pradesh,,,,
461,46806.45079,0.010200465,9563.996078,0.002084268,13,11,15,11,11,11,12,Anuppur,44,4423,23,Madhya Pradesh,,,,
464,45110.31499,0.010833116,11548.98431,0.002773456,13,12,13,11,11,12,13,Jhabua,47,4723,23,Madhya Pradesh,,,,
465,16578.03148,0.004111873,3621.121569,0.000898152,13,12,13,11,11,12,13,Alirajpur,48,4823,23,Madhya Pradesh,,,,
466,157186.4206,0.017534505,39111.08235,0.004362931,13,12,12,11,11,12,14,East Nimar,49,4923,23,Madhya Pradesh,,,,
467,57294.94629,0.014926853,10496.8549,0.002734709,13,13,14,11,11,13,14,Burhanpur,50,5023,23,Madhya Pradesh,,,,
489,2716.554638,0.001289415,550.4431373,0.000261268,13,11,15,11,11,11,13,The Dangs,22,2224,24,Gujarat,,,,
490,21470.13942,0.00807339,6552.462745,0.002463914,13,13,15,12,11,13,14,Navsari,23,2324,24,Gujarat,,,,
492,760525.4239,0.146507355,100075.851,0.019278577,13,13,15,12,13,13,14,Surat,25,2524,24,Gujarat,,,,
493,40637.12695,0.010755935,15147.37255,0.004009244,13,12,15,11,11,12,14,Tapi,26,2624,24,Gujarat,,,,
497,156285.7344,0.022059824,42241.78824,0.005962453,13,13,13,11,11,13,13,Nandurbar,1,127,27,Maharashtra,,,,
498,266526.2894,0.030989624,70836.93725,0.008236373,13,13,14,11,11,13,14,Dhule,2,227,27,Maharashtra,,,,
499,420996.2504,0.029912469,97151.80392,0.006902794,13,13,14,11,11,13,14,Jalgaon,3,327,27,Maharashtra,,,,
500,99156.56138,0.008528269,34853.74118,0.002997705,13,13,14,11,11,13,14,Buldana,4,427,27,Maharashtra,,,,
501,213063.5039,0.032998684,47105.24314,0.007295529,13,13,12,11,11,13,14,Akola,5,527,27,Maharashtra,,,,
502,132257.9475,0.021384093,47795.09412,0.007727738,13,11,14,11,11,11,14,Washim,6,627,27,Maharashtra,,,,
503,340648.1721,0.023300177,82526.71765,0.005644789,13,13,14,12,11,13,14,Amravati,7,727,27,Maharashtra,,,,
504,255962.5796,0.033961475,45549.12549,0.006043522,13,13,12,12,11,13,14,Wardha,8,827,27,Maharashtra,,,,
505,1035818.694,0.087158793,89562.15294,0.007536193,13,13,12,12,11,13,14,Nagpur,9,927,27,Maharashtra,,,,
506,55280.94796,0.011966305,15121.74902,0.003273306,13,12,12,13,11,12,14,Bhandara,10,1027,27,Maharashtra,,,,
508,63006.66871,0.003673961,19927,0.001161957,13,11,12,11,11,11,13,Garhchiroli,12,1227,27,Maharashtra,,,,
509,309446.3129,0.023016332,53106.17255,0.003949988,13,12,12,11,11,12,14,Chandrapur,13,1327,27,Maharashtra,,,,
510,373505.3945,0.023213317,108341.6745,0.006733423,13,11,12,11,11,11,13,Yavatmal,14,1427,27,Maharashtra,,,,
511,622221.8746,0.049672465,98323.54118,0.007849246,13,13,12,11,11,13,14,Nanded,15,1527,27,Maharashtra,,,,
512,148259.5706,0.026658653,31540.74902,0.005671363,13,12,14,12,11,12,13,Hingoli,16,1627,27,Maharashtra,,,,
513,336300.6426,0.044839197,51125.07843,0.006816542,13,13,12,11,11,13,14,Parbhani,17,1727,27,Maharashtra,,,,
514,210074.0972,0.022772531,40322.99608,0.004371109,13,13,14,12,11,13,14,Jalna,18,1827,27,Maharashtra,,,,
515,468261.1242,0.038941728,74233.55686,0.006173442,13,13,12,11,11,13,14,Aurangabad,19,1927,27,Maharashtra,,,,
516,2059038.662,0.111173983,221495.6196,0.011959246,13,11,14,11,11,11,13,Nashik,20,2027,27,Maharashtra,,,,
520,734115.0552,0.087075219,77947.89804,0.009245595,13,13,15,12,13,13,14,Raigarh,24,2427,27,Maharashtra,,,,
521,3030727.811,0.164270345,450789.698,0.02443353,13,13,15,12,13,13,14,Pune,25,2527,27,Maharashtra,,,,
522,647165.1689,0.032082697,209470.4353,0.01038433,13,13,14,12,11,13,14,Ahmadnagar,26,2627,27,Maharashtra,,,,
523,417472.6584,0.032006388,90940.81176,0.006972162,13,13,14,11,11,13,14,Bid,27,2727,27,Maharashtra,,,,
524,362786.2416,0.045655082,88556.89412,0.011144503,13,13,14,11,11,13,14,Latur,28,2827,27,Maharashtra,,,,
525,97662.24234,0.010978495,40619.47451,0.004566153,13,13,14,11,11,13,14,Osmanabad,29,2927,27,Maharashtra,,,,
526,919828.4237,0.052599296,362683.5647,0.020739629,13,13,14,12,11,13,13,Solapur,30,3027,27,Maharashtra,,,,
527,195678.7877,0.015883502,50573.76863,0.004105139,13,13,15,13,11,13,14,Satara,31,3127,27,Maharashtra,,,,
528,15708.49029,0.001625083,4257.533333,0.000440453,13,13,15,14,11,13,14,Ratnagiri,32,3227,27,Maharashtra,,,,
530,244332.8585,0.02733781,57001.24314,0.006377731,13,13,15,14,13,13,14,Kolhapur,34,3427,27,Maharashtra,,,,
531,298980.9072,0.029866747,59026.50588,0.005896462,13,13,15,13,13,13,14,Sangli,35,3527,27,Maharashtra,,,,
532,351927.5089,0.018542594,79541.26667,0.004190924,13,12,15,11,11,12,14,Adilabad,1,128,28,Andhra Pradesh,,,,
533,605730.7835,0.064991085,101185.9843,0.010856617,13,13,15,11,11,13,14,Nizamabad,2,228,28,Andhra Pradesh,,,,
534,669750.803,0.047779597,131954.8784,0.009413577,13,13,14,11,11,13,14,Karimnagar,3,328,28,Andhra Pradesh,,,,
535,947298.0816,0.082669496,193651.7294,0.01689974,13,13,15,12,11,13,14,Medak,4,428,28,Andhra Pradesh,,,,
538,927645.19,0.04329897,282114.0549,0.013168017,13,13,15,11,11,13,14,Mahbubnagar,7,728,28,Andhra Pradesh,,,,
539,272947.3412,0.016574433,66596.78824,0.004044018,13,13,14,11,11,13,14,Nalgonda,8,828,28,Andhra Pradesh,,,,
540,303848.0074,0.020203986,68633.85882,0.004563721,13,13,14,11,11,13,14,Warangal,9,928,28,Andhra Pradesh,,,,
541,177495.1114,0.009420423,34845.88627,0.00184942,13,13,15,12,11,13,14,Khammam,10,1028,28,Andhra Pradesh,,,,
542,57039.87082,0.007656312,20387.93333,0.002736619,13,11,15,11,11,11,14,Srikakulam,11,1128,28,Andhra Pradesh,,,,
543,76785.63269,0.011656104,21615.72157,0.003281279,13,12,15,11,11,12,14,Vizianagaram,12,1228,28,Andhra Pradesh,,,,
544,384389.3472,0.028639235,69557.30196,0.005182422,13,11,15,11,11,11,13,Visakhapatnam,13,1328,28,Andhra Pradesh,,,,
546,12177.68357,0.001342316,5170.192157,0.000569898,13,13,15,14,13,13,14,West Godavari,15,1528,28,Andhra Pradesh,,,,
547,143269.7699,0.014359944,21436.57647,0.00214859,13,13,15,14,13,13,14,Krishna,16,1628,28,Andhra Pradesh,,,,
548,229332.7011,0.017231889,55014.07451,0.004133717,13,13,15,14,13,13,14,Guntur,17,1728,28,Andhra Pradesh,,,,
549,77299.5372,0.00376087,25818.02353,0.00125613,13,13,15,11,11,13,14,Prakasam,18,1828,28,Andhra Pradesh,,,,
550,59852.80783,0.003951978,22111.08627,0.001459957,13,13,15,11,11,13,14,Sri Potti Sriramulu Nellore,19,1928,28,Andhra Pradesh,,,,
551,324490.4067,0.018550596,81205.82353,0.004642407,13,13,15,12,11,13,14,Y.s.r.,20,2028,28,Andhra Pradesh,,,,
552,652489.9219,0.031565838,144894.3412,0.007009628,13,13,15,11,11,13,14,Kurnool,21,2128,28,Andhra Pradesh,,,,
553,675947.2709,0.030459359,179558.349,0.008091211,13,13,15,11,11,13,14,Anantapur,22,2228,28,Andhra Pradesh,,,,
554,559434.6059,0.032076309,113634.7647,0.006515478,13,13,15,11,11,13,14,Chittoor,23,2328,28,Andhra Pradesh,,,,
555,917752.2729,0.058895219,126178.7725,0.008097312,13,13,14,11,11,13,14,Belgaum,1,129,29,Karnataka,,,,
556,359800.3343,0.047054192,79441.56863,0.010389259,13,13,14,11,11,13,14,Bagalkot,2,229,29,Karnataka,,,,
557,364509.2373,0.029719923,71350.52549,0.005817499,13,13,14,11,11,13,14,Bijapur,3,329,29,Karnataka,,,,
559,494078.0205,0.050275121,114947.7529,0.011696558,13,13,14,11,11,13,14,Raichur,5,529,29,Karnataka,,,,
56,30000.49866,0.002864823,10030.42353,0.00095783,13,13,15,12,11,13,14,Uttarkashi,1,105,5,Uttarakhand,,,,
560,551323.2064,0.085342145,150936.0784,0.023364169,13,13,15,11,11,13,14,Koppal,6,629,29,Karnataka,,,,
561,236040.1367,0.043838748,45371.98039,0.008426748,13,13,14,11,11,13,14,Gadag,7,729,29,Karnataka,,,,
562,558802.5646,0.112757807,49481.78039,0.009984666,13,13,14,11,11,13,14,Dharwad,8,829,29,Karnataka,,,,
564,234194.3328,0.042130041,40733.83922,0.007327753,13,13,14,12,11,13,14,Haveri,10,1029,29,Karnataka,,,,
565,694599.8773,0.071062724,149084.502,0.015252451,13,13,14,11,11,13,14,Bellary,11,1129,29,Karnataka,,,,
566,394222.514,0.040473236,62075.33333,0.006373024,13,13,14,11,11,13,14,Chitradurga,12,1229,29,Karnataka,,,,
567,442332.5277,0.064459533,55748.48235,0.008124026,13,13,14,12,11,13,14,Davanagere,13,1329,29,Karnataka,,,,
568,135862.9413,0.013964089,19024.01569,0.001955302,13,11,12,13,11,11,14,Shimoga,14,1429,29,Karnataka,,,,
570,229891.6431,0.027729018,32244,0.0038892,13,13,14,13,11,13,14,Chikmagalur,16,1629,29,Karnataka,,,,
571,868389.3404,0.071157399,127823.8588,0.010474119,13,13,14,11,11,13,14,Tumkur,17,1729,29,Karnataka,,,,
573,188363.3858,0.03323835,30462.60784,0.005375391,13,13,14,11,11,13,14,Mandya,19,1929,29,Karnataka,,,,
574,598106.6033,0.076527133,62053.27843,0.007939654,13,13,13,12,11,13,14,Hassan,20,2029,29,Karnataka,,,,
577,415882.6902,0.057644496,87182.85098,0.012084205,13,13,14,12,11,13,14,Mysore,23,2329,29,Karnataka,,,,
578,273148.714,0.042172386,81236.03922,0.012542316,13,13,14,11,11,13,14,Chamrajnagar,24,2429,29,Karnataka,,,,
579,544462.1001,0.042436014,85851.41961,0.00669136,13,13,14,11,11,13,14,Gulbarga,25,2529,29,Karnataka,,,,
58,2116.040159,0.000889827,1197.043137,0.000503375,13,13,15,13,13,13,14,Rudraprayag,3,305,5,Uttarakhand,,,,
580,148139.2875,0.02404233,33807.80392,0.005486852,13,13,14,11,11,13,14,Yadgir,26,2629,29,Karnataka,,,,
581,349602.6313,0.0764117,54182.54118,0.011842531,13,13,14,11,11,13,14,Kolar,27,2729,29,Karnataka,,,,
582,428840.2788,0.088403719,74488.77647,0.015355565,13,13,15,11,11,13,14,Chikkaballapura,28,2829,29,Karnataka,,,,
583,1008288.219,0.380793155,141379.4706,0.053393795,13,13,15,13,11,13,14,Bangalore Rural,29,2929,29,Karnataka,,,,
584,219548.7986,0.054489654,40525.98431,0.010058114,13,13,14,11,11,13,14,Ramanagara,30,3029,29,Karnataka,,,,
60,270412.8565,0.068088737,31471.61176,0.00792441,13,13,15,14,13,13,14,Dehradun,5,505,5,Uttarakhand,,,,
606,19754.36126,0.002789687,7786.929412,0.001099661,13,13,15,11,11,13,14,Tiruvannamalai,5,533,33,Tamil Nadu,,,,
607,187966.1841,0.022885544,62732.14118,0.007637859,13,13,14,11,11,13,14,Viluppuram,6,633,33,Tamil Nadu,,,,
612,551761.964,0.079952286,200398.5686,0.029038471,13,13,15,12,13,13,14,Dindigul,11,1133,33,Tamil Nadu,,,,
613,166087.0458,0.050407831,44855.4549,0.013613742,13,13,15,12,13,13,14,Karur,12,1233,33,Tamil Nadu,,,,
614,245497.1937,0.047805101,74890.54118,0.014583262,13,13,15,12,13,13,14,Tiruchirappalli,13,1333,33,Tamil Nadu,,,,
615,36751.29798,0.018381882,14535.82353,0.007270377,13,13,15,11,13,13,14,Perambalur,14,1433,33,Tamil Nadu,,,,
62,2273.834112,0.000243565,991.1843137,0.000106172,13,13,15,12,11,13,14,Pithoragarh,7,705,5,Uttarakhand,,,,
621,140296.6014,0.026499757,54095.40392,0.010217746,13,13,14,11,11,13,14,Pudukkottai,20,2033,33,Tamil Nadu,,,,
624,133216.8218,0.041130779,57637.15686,0.017795509,13,13,15,12,13,13,14,Theni,23,2333,33,Tamil Nadu,,,,
63,5859.651822,0.001994104,3525.654902,0.001199819,13,13,15,12,11,13,14,Bageshwar,8,805,5,Uttarakhand,,,,
630,127956.193,0.024772095,59632.98431,0.011544841,13,13,15,11,11,13,14,Dharmapuri,29,2933,33,Tamil Nadu,,,,
631,152424.1458,0.02588394,34437.77255,0.005848058,13,13,15,11,11,13,14,Krishnagiri,30,3033,33,Tamil Nadu,,,,
64,3384.024215,0.000849409,1304,0.000327311,13,13,15,12,11,13,14,Almora,9,905,5,Uttarakhand,,,,
66,79904.89523,0.015091715,12641.45882,0.002387605,13,13,15,14,13,13,14,Nainital,11,1105,5,Uttarakhand,,,,
,,,,,,,,,,,,,,,,,,,,
10,36986.96896,0.025757653,8488.380392,0.005911291,14,13,15,14,13,13,14,Srinagar,10,1001,1,Jammu & Kashmir,,,,
140,3723646.062,1.480549181,271634.9176,0.10800405,14,12,14,14,12,12,14,Ghaziabad,9,909,9,Uttar Pradesh,,,,
265,221400.3703,0.220245117,43656.12157,0.043428327,14,11,14,13,11,11,14,Dimapur,5,513,13,Nagaland,,,,
277,368.9799454,0.00099975,238.4039216,0.000645955,14,11,14,13,13,11,14,Imphal West,6,614,14,Manipur,,,,
3,90419.6811,0.000834912,32547,0.000300531,14,11,13,13,13,11,14,Leh (ladakh),3,301,1,Jammu & Kashmir,,,,
322,144887.7298,0.096577699,23418.96471,0.015610361,14,11,12,13,13,11,13,Kamrup Metropolitan,23,2318,18,Assam,,,,
327,25230.76604,0.006318261,12424.71765,0.003111384,14,11,12,12,11,11,14,Darjiling,1,119,19,West Bengal,,,,
341,459814.9634,0.262909951,52529.76471,0.030035121,14,12,12,13,12,12,14,Haora,15,1519,19,West Bengal,,,,
342,474444.8842,4.294510608,10604.6549,0.09598966,14,13,14,14,13,13,14,Kolkata,16,1619,19,West Bengal,,,,
37,1366898.004,0.402520932,120681.5333,0.035538016,14,12,14,14,13,12,14,Jalandhar,3,303,3,Punjab,,,,
41,114754.4865,0.02466555,28307.29804,0.006084425,14,12,14,14,13,12,14,Ludhiana,7,703,3,Punjab,,,,
494,34809.55211,0.817604021,7100.988235,0.166787453,14,13,15,14,13,13,14,Diu,1,125,25,Daman & Diu,,,,
495,95444.54037,1.089154852,6260.996078,0.071446667,14,13,15,14,13,13,14,Daman,2,225,25,Daman & Diu,,,,
496,143380.9581,0.244199807,13500,0.022992575,14,13,15,12,11,13,14,Dadra & Nagar Haveli,1,126,26,Dadara & Nagar Havelli,,,,
51,19739.09509,0.010962761,3565.584314,0.001980266,14,13,14,14,13,13,14,Rupnagar,17,1703,3,Punjab,,,,
517,2492536.538,0.220786525,120657.9451,0.010687766,14,13,15,12,13,13,14,Thane,21,2127,27,Maharashtra,,,,
518,2454547.055,4.586798925,84964.60784,0.158772907,14,13,15,14,13,13,14,Mumbai Suburban,22,2227,27,Maharashtra,,,,
519,1032206.874,5.85503773,29420.02745,0.166880666,14,13,15,14,13,13,14,Mumbai,23,2327,27,Maharashtra,,,,
52,631948.1491,0.440186107,49391.18431,0.034403634,14,13,14,14,13,13,14,Sahibzada Ajit Singh Nagar,18,1803,3,Punjab,,,,
536,7444268.728,35.71105251,124464.6902,0.59707209,14,13,15,14,13,13,14,Hyderabad,5,528,28,Andhra Pradesh,,,,
537,9561507.898,1.0820204,557585.3804,0.063098704,14,13,15,14,13,13,14,Rangareddy,6,628,28,Andhra Pradesh,,,,
55,471881.8915,3.075646467,20262.2,0.132065597,14,13,15,14,13,13,14,Chandigarh,1,104,4,Chandigarh,,,,
563,94543.48561,0.008025386,20249.32549,0.001718877,14,11,12,12,11,11,14,Uttara Kannada,9,929,29,Karnataka,,,,
569,29573.91782,0.006654486,8633.686275,0.001942683,14,11,14,14,13,11,14,Udupi,15,1529,29,Karnataka,,,,
572,10260180.82,4.098122785,289067.2157,0.115459266,14,13,15,13,13,13,14,Bangalore,18,1829,29,Karnataka,,,,
575,36496.44032,0.006935443,11069.81961,0.002103605,14,11,14,14,13,11,14,Dakshina Kannada,21,2129,29,Karnataka,,,,
576,36411.10007,0.007739446,9182.043137,0.00195171,14,13,14,14,11,13,14,Kodagu,22,2229,29,Karnataka,,,,
585,194428.654,0.099748901,37402.93725,0.019189054,14,13,15,14,13,13,14,North Goa,1,130,30,Goa,,,,
586,52794.59453,0.023390576,10663.15294,0.004724296,14,13,15,14,13,13,14,South Goa,2,230,30,Goa,,,,
587,407.6486795,0.000539773,218.8705882,0.000289809,14,11,15,14,11,11,14,Lakshadweep,1,131,31,Lakshadweep,,,,
588,5468.249276,0.00243126,2531.733333,0.001125644,14,11,15,14,13,11,14,Kasaragod,1,132,32,Kerala,,,,
589,96088.58301,0.028516965,42013.99608,0.012468824,14,11,15,14,11,11,14,Kannur,2,232,32,Kerala,,,,
596,56119.17687,0.009874801,30790.78039,0.005417985,14,11,14,14,11,11,14,Idukki,9,932,32,Kerala,,,,
597,63762.62394,0.025430434,37827.52157,0.015086742,14,11,15,14,13,11,14,Kottayam,10,1032,32,Kerala,,,,
598,59582.66826,0.03699444,34006.24314,0.021114226,14,11,15,14,13,11,14,Alappuzha,11,1132,32,Kerala,,,,
599,62538.51264,0.020872775,31364.58824,0.010468205,14,11,15,13,13,11,14,Pathanamthitta,12,1232,32,Kerala,,,,
600,177627.4361,0.063086838,87339.17647,0.031019715,14,11,15,13,13,11,14,Kollam,13,1332,32,Kerala,,,,
601,202860.3741,0.082302831,52615.46667,0.021346711,14,11,14,14,13,11,14,Thiruvananthapuram,14,1432,32,Kerala,,,,
602,336175.7081,0.089865997,29036.41176,0.007761971,14,13,15,12,13,13,14,Thiruvallur,1,133,33,Tamil Nadu,,,,
603,339579.9035,2.302939838,12672.63529,0.085942414,14,13,15,14,13,13,14,Chennai,2,233,33,Tamil Nadu,,,,
604,512820.1045,0.096778445,52664.1098,0.009938672,14,13,15,12,13,13,14,Kancheepuram,3,333,33,Tamil Nadu,,,,
605,595274.6111,0.08554132,99440.80784,0.014289704,14,13,15,12,13,13,14,Vellore,4,433,33,Tamil Nadu,,,,
608,1631711.472,0.2739162,336221.8471,0.056441725,14,13,15,11,13,13,14,Salem,7,733,33,Tamil Nadu,,,,
609,517768.4948,0.133316879,192606.1176,0.04959291,14,13,15,12,13,13,14,Namakkal,8,833,33,Tamil Nadu,,,,
610,375362.3043,0.057081574,142224.4235,0.021628155,14,13,15,12,13,13,14,Erode,9,933,33,Tamil Nadu,,,,
625,771005.9131,0.155134722,226979.3686,0.045670702,14,13,15,11,13,13,14,Virudunagar,24,2433,33,Tamil Nadu,,,,
628,814267.2543,0.105819982,238570.0118,0.031003917,14,13,15,12,13,13,14,Tirunelveli,27,2733,33,Tamil Nadu,,,,
629,196609.1194,0.102959872,44524.66275,0.023316587,14,13,14,13,13,13,14,Kanniyakumari,28,2833,33,Tamil Nadu,,,,
633,386146.6637,0.065176706,105438.6392,0.017796718,14,13,15,12,13,13,14,Tiruppur,32,3233,33,Tamil Nadu,,,,
634,4.858344078,0.000110104,1,2.27E-05,14,13,15,14,13,13,14,Yanam,1,134,34,Puducherry,,,,
637,15789.24039,0.090467212,2039.039216,0.011683032,14,13,15,14,13,13,14,Karaikal,4,434,34,Puducherry,,,,
640,30007.09006,0.010940983,2971.74902,0.001083539,14,13,15,14,13,13,14,South Andaman,3,335,35,Andaman & Nicobar Island,,,,
69,263915.3544,0.239854488,18080.78431,0.01643238,14,13,15,12,13,13,14,Panchkula,1,106,6,Haryana,,,,
86,776779.4181,0.495361014,51196.67843,0.0326487,14,13,14,14,13,13,14,Gurgaon,18,1806,6,Haryana,,,,
88,3559604.509,3.340747515,161783.6471,0.15183662,14,13,14,14,12,13,14,Faridabad,20,2006,6,Haryana,,,,
90,2718080.903,4.822069077,60961.47843,0.108150004,14,13,14,14,13,13,14,North West,1,107,7,NCT of Delhi,,,,
91,839279.5669,9.55580624,20581.73333,0.234337953,14,13,14,14,13,13,14,North,2,207,7,NCT of Delhi,,,,
92,975832.6312,12.27544538,26495.34902,0.333297124,14,13,14,14,13,13,14,North East,3,307,7,NCT of Delhi,,,,
93,975120.8547,11.75988165,20578.11765,0.248170498,14,13,15,14,13,13,14,East,4,407,7,NCT of Delhi,,,,
94,121925.0185,2.493016281,2234.670588,0.045692592,14,13,15,14,13,13,14,New Delhi,5,507,7,NCT of Delhi,,,,
95,161534.9616,8.418513308,2832.576471,0.147621806,14,13,14,14,13,13,14,Central,6,607,7,NCT of Delhi,,,,
96,1818714.537,11.7195156,38203.51373,0.246177542,14,13,15,14,13,13,14,West,7,707,7,NCT of Delhi,,,,
97,1210050.175,2.193086423,26742.76863,0.048468406,14,13,15,14,13,13,14,South West,8,807,7,NCT of Delhi,,,,
98,1747698.666,5.42719197,46434.49412,0.144194716,14,13,15,14,13,13,14,South,9,907,7,NCT of Delhi,,,,
